Compound,Negative,Neutral,NewsAgency,Positive,Tweets_Ago
0.0,0.0,1.0,@BBC,0.0,
0.459,0.0,0.667,@BBC,0.333,1.0026273569961124e+18
0.0,0.0,1.0,@BBC,0.0,1.0026110124644966e+18
0.0,0.0,1.0,@BBC,0.0,1.0025888366675436e+18
0.459,0.0,0.842,@BBC,0.158,1.0025815540135813e+18
0.625,0.0,0.797,@BBC,0.203,1.0025728598422243e+18
0.178,0.115,0.7,@BBC,0.185,1.0025565409713768e+18
0.572,0.0,0.684,@BBC,0.316,1.0025353213708125e+18
0.0,0.0,1.0,@BBC,0.0,1.0025282007302719e+18
0.077,0.0,0.947,@BBC,0.053,1.0025204055995064e+18
-0.637,0.252,0.688,@BBC,0.06,1.0025077440066275e+18
0.0,0.0,1.0,@BBC,0.0,1.0025051022996726e+18
0.0,0.0,1.0,@BBC,0.0,1.0024970860662252e+18
0.0,0.0,1.0,@BBC,0.0,1.0024903366508913e+18
0.44,0.129,0.612,@BBC,0.259,1.002464963175375e+18
0.0,0.0,1.0,@BBC,0.0,1.0024597566390149e+18
0.318,0.198,0.496,@BBC,0.306,1.0024529550591058e+18
-0.7,0.244,0.756,@BBC,0.0,1.0024446973469532e+18
0.604,0.0,0.768,@BBC,0.232,1.0022639561557565e+18
0.802,0.0,0.745,@BBC,0.255,1.0022491278020813e+18
0.0,0.0,1.0,@BBC,0.0,1.0022337711758952e+18
0.459,0.0,0.667,@BBC,0.333,1.0026273569961124e+18
0.0,0.0,1.0,@BBC,0.0,1.0026110124644966e+18
0.0,0.0,1.0,@BBC,0.0,1.0025888366675436e+18
0.459,0.0,0.842,@BBC,0.158,1.0025815540135813e+18
0.625,0.0,0.797,@BBC,0.203,1.0025728598422243e+18
0.178,0.115,0.7,@BBC,0.185,1.0025565409713768e+18
0.572,0.0,0.684,@BBC,0.316,1.0025353213708125e+18
0.0,0.0,1.0,@BBC,0.0,1.0025282007302719e+18
0.077,0.0,0.947,@BBC,0.053,1.0025204055995064e+18
-0.637,0.252,0.688,@BBC,0.06,1.0025077440066275e+18
0.0,0.0,1.0,@BBC,0.0,1.0025051022996726e+18
0.0,0.0,1.0,@BBC,0.0,1.0024970860662252e+18
0.0,0.0,1.0,@BBC,0.0,1.0024903366508913e+18
0.44,0.129,0.612,@BBC,0.259,1.002464963175375e+18
0.0,0.0,1.0,@BBC,0.0,1.0024597566390149e+18
0.318,0.198,0.496,@BBC,0.306,1.0024529550591058e+18
-0.7,0.244,0.756,@BBC,0.0,1.0024446973469532e+18
0.604,0.0,0.768,@BBC,0.232,1.0022639561557565e+18
0.802,0.0,0.745,@BBC,0.255,1.0022491278020813e+18
0.0,0.0,1.0,@BBC,0.0,1.0022337711758952e+18
0.459,0.0,0.667,@BBC,0.333,1.0026273569961124e+18
0.0,0.0,1.0,@BBC,0.0,1.0026110124644966e+18
0.0,0.0,1.0,@BBC,0.0,1.0025888366675436e+18
0.459,0.0,0.842,@BBC,0.158,1.0025815540135813e+18
0.625,0.0,0.797,@BBC,0.203,1.0025728598422243e+18
0.178,0.115,0.7,@BBC,0.185,1.0025565409713768e+18
0.572,0.0,0.684,@BBC,0.316,1.0025353213708125e+18
0.0,0.0,1.0,@BBC,0.0,1.0025282007302719e+18
0.077,0.0,0.947,@BBC,0.053,1.0025204055995064e+18
-0.637,0.252,0.688,@BBC,0.06,1.0025077440066275e+18
0.0,0.0,1.0,@BBC,0.0,1.0025051022996726e+18
0.0,0.0,1.0,@BBC,0.0,1.0024970860662252e+18
0.0,0.0,1.0,@BBC,0.0,1.0024903366508913e+18
0.44,0.129,0.612,@BBC,0.259,1.002464963175375e+18
0.0,0.0,1.0,@BBC,0.0,1.0024597566390149e+18
0.318,0.198,0.496,@BBC,0.306,1.0024529550591058e+18
-0.7,0.244,0.756,@BBC,0.0,1.0024446973469532e+18
0.604,0.0,0.768,@BBC,0.232,1.0022639561557565e+18
0.802,0.0,0.745,@BBC,0.255,1.0022491278020813e+18
0.0,0.0,1.0,@BBC,0.0,1.0022337711758952e+18
0.459,0.0,0.667,@BBC,0.333,1.0026273569961124e+18
0.0,0.0,1.0,@BBC,0.0,1.0026110124644966e+18
0.0,0.0,1.0,@BBC,0.0,1.0025888366675436e+18
0.459,0.0,0.842,@BBC,0.158,1.0025815540135813e+18
0.625,0.0,0.797,@BBC,0.203,1.0025728598422243e+18
0.178,0.115,0.7,@BBC,0.185,1.0025565409713768e+18
0.572,0.0,0.684,@BBC,0.316,1.0025353213708125e+18
0.0,0.0,1.0,@BBC,0.0,1.0025282007302719e+18
0.077,0.0,0.947,@BBC,0.053,1.0025204055995064e+18
-0.637,0.252,0.688,@BBC,0.06,1.0025077440066275e+18
0.0,0.0,1.0,@BBC,0.0,1.0025051022996726e+18
0.0,0.0,1.0,@BBC,0.0,1.0024970860662252e+18
0.0,0.0,1.0,@BBC,0.0,1.0024903366508913e+18
0.44,0.129,0.612,@BBC,0.259,1.002464963175375e+18
0.0,0.0,1.0,@BBC,0.0,1.0024597566390149e+18
0.318,0.198,0.496,@BBC,0.306,1.0024529550591058e+18
-0.7,0.244,0.756,@BBC,0.0,1.0024446973469532e+18
0.604,0.0,0.768,@BBC,0.232,1.0022639561557565e+18
0.802,0.0,0.745,@BBC,0.255,1.0022491278020813e+18
0.0,0.0,1.0,@BBC,0.0,1.0022337711758952e+18
0.459,0.0,0.667,@BBC,0.333,1.0026273569961124e+18
0.0,0.0,1.0,@BBC,0.0,1.0026110124644966e+18
0.0,0.0,1.0,@BBC,0.0,1.0025888366675436e+18
0.459,0.0,0.842,@BBC,0.158,1.0025815540135813e+18
0.625,0.0,0.797,@BBC,0.203,1.0025728598422243e+18
0.178,0.115,0.7,@BBC,0.185,1.0025565409713768e+18
0.572,0.0,0.684,@BBC,0.316,1.0025353213708125e+18
0.0,0.0,1.0,@BBC,0.0,1.0025282007302719e+18
0.077,0.0,0.947,@BBC,0.053,1.0025204055995064e+18
-0.637,0.252,0.688,@BBC,0.06,1.0025077440066275e+18
0.0,0.0,1.0,@BBC,0.0,1.0025051022996726e+18
0.0,0.0,1.0,@BBC,0.0,1.0024970860662252e+18
0.0,0.0,1.0,@BBC,0.0,1.0024903366508913e+18
0.44,0.129,0.612,@BBC,0.259,1.002464963175375e+18
0.0,0.0,1.0,@BBC,0.0,1.0024597566390149e+18
0.318,0.198,0.496,@BBC,0.306,1.0024529550591058e+18
-0.7,0.244,0.756,@BBC,0.0,1.0024446973469532e+18
0.604,0.0,0.768,@BBC,0.232,1.0022639561557565e+18
0.802,0.0,0.745,@BBC,0.255,1.0022491278020813e+18
-0.39,0.131,0.807,@CBS,0.062,
0.844,0.0,0.664,@CBS,0.336,1.0026055163280344e+18
0.893,0.0,0.545,@CBS,0.455,1.0025956420935639e+18
0.493,0.0,0.849,@CBS,0.151,1.0023364234360545e+18
0.0,0.0,1.0,@CBS,0.0,1.0018425595959542e+18
0.0,0.0,1.0,@CBS,0.0,1.0012064801446872e+18
0.624,0.0,0.797,@CBS,0.203,1.0009216796844851e+18
0.586,0.0,0.826,@CBS,0.174,9.994266573990953e+17
0.114,0.0,0.917,@CBS,0.083,9.993650229406761e+17
0.0,0.0,1.0,@CBS,0.0,9.990673001278505e+17
0.0,0.0,1.0,@CBS,0.0,9.990176461662331e+17
0.338,0.061,0.808,@CBS,0.131,9.986999648333907e+17
0.187,0.0,0.92,@CBS,0.08,9.982922758505554e+17
0.42,0.0,0.715,@CBS,0.285,9.982469798922117e+17
0.0,0.0,1.0,@CBS,0.0,9.977486969461637e+17
0.36,0.0,0.849,@CBS,0.151,9.975826014760837e+17
0.718,0.0,0.739,@CBS,0.261,9.974769167174125e+17
0.187,0.0,0.907,@CBS,0.093,9.972615952679076e+17
0.0,0.0,1.0,@CBS,0.0,9.972252393889464e+17
0.556,0.0,0.854,@CBS,0.146,9.971932443405025e+17
-0.39,0.131,0.807,@CBS,0.062,9.970994173279478e+17
0.844,0.0,0.664,@CBS,0.336,1.0026055163280344e+18
0.893,0.0,0.545,@CBS,0.455,1.0025956420935639e+18
0.493,0.0,0.849,@CBS,0.151,1.0023364234360545e+18
0.0,0.0,1.0,@CBS,0.0,1.0018425595959542e+18
0.0,0.0,1.0,@CBS,0.0,1.0012064801446872e+18
0.624,0.0,0.797,@CBS,0.203,1.0009216796844851e+18
0.586,0.0,0.826,@CBS,0.174,9.994266573990953e+17
0.114,0.0,0.917,@CBS,0.083,9.993650229406761e+17
0.0,0.0,1.0,@CBS,0.0,9.990673001278505e+17
0.0,0.0,1.0,@CBS,0.0,9.990176461662331e+17
0.338,0.061,0.808,@CBS,0.131,9.986999648333907e+17
0.187,0.0,0.92,@CBS,0.08,9.982922758505554e+17
0.42,0.0,0.715,@CBS,0.285,9.982469798922117e+17
0.0,0.0,1.0,@CBS,0.0,9.977486969461637e+17
0.36,0.0,0.849,@CBS,0.151,9.975826014760837e+17
0.718,0.0,0.739,@CBS,0.261,9.974769167174125e+17
0.187,0.0,0.907,@CBS,0.093,9.972615952679076e+17
0.0,0.0,1.0,@CBS,0.0,9.972252393889464e+17
0.556,0.0,0.854,@CBS,0.146,9.971932443405025e+17
-0.39,0.131,0.807,@CBS,0.062,9.970994173279478e+17
0.844,0.0,0.664,@CBS,0.336,1.0026055163280344e+18
0.893,0.0,0.545,@CBS,0.455,1.0025956420935639e+18
0.493,0.0,0.849,@CBS,0.151,1.0023364234360545e+18
0.0,0.0,1.0,@CBS,0.0,1.0018425595959542e+18
0.0,0.0,1.0,@CBS,0.0,1.0012064801446872e+18
0.624,0.0,0.797,@CBS,0.203,1.0009216796844851e+18
0.586,0.0,0.826,@CBS,0.174,9.994266573990953e+17
0.114,0.0,0.917,@CBS,0.083,9.993650229406761e+17
0.0,0.0,1.0,@CBS,0.0,9.990673001278505e+17
0.0,0.0,1.0,@CBS,0.0,9.990176461662331e+17
0.338,0.061,0.808,@CBS,0.131,9.986999648333907e+17
0.187,0.0,0.92,@CBS,0.08,9.982922758505554e+17
0.42,0.0,0.715,@CBS,0.285,9.982469798922117e+17
0.0,0.0,1.0,@CBS,0.0,9.977486969461637e+17
0.36,0.0,0.849,@CBS,0.151,9.975826014760837e+17
0.718,0.0,0.739,@CBS,0.261,9.974769167174125e+17
0.187,0.0,0.907,@CBS,0.093,9.972615952679076e+17
0.0,0.0,1.0,@CBS,0.0,9.972252393889464e+17
0.556,0.0,0.854,@CBS,0.146,9.971932443405025e+17
-0.39,0.131,0.807,@CBS,0.062,9.970994173279478e+17
0.844,0.0,0.664,@CBS,0.336,1.0026055163280344e+18
0.893,0.0,0.545,@CBS,0.455,1.0025956420935639e+18
0.493,0.0,0.849,@CBS,0.151,1.0023364234360545e+18
0.0,0.0,1.0,@CBS,0.0,1.0018425595959542e+18
0.0,0.0,1.0,@CBS,0.0,1.0012064801446872e+18
0.624,0.0,0.797,@CBS,0.203,1.0009216796844851e+18
0.586,0.0,0.826,@CBS,0.174,9.994266573990953e+17
0.114,0.0,0.917,@CBS,0.083,9.993650229406761e+17
0.0,0.0,1.0,@CBS,0.0,9.990673001278505e+17
0.0,0.0,1.0,@CBS,0.0,9.990176461662331e+17
0.338,0.061,0.808,@CBS,0.131,9.986999648333907e+17
0.187,0.0,0.92,@CBS,0.08,9.982922758505554e+17
0.42,0.0,0.715,@CBS,0.285,9.982469798922117e+17
0.0,0.0,1.0,@CBS,0.0,9.977486969461637e+17
0.36,0.0,0.849,@CBS,0.151,9.975826014760837e+17
0.718,0.0,0.739,@CBS,0.261,9.974769167174125e+17
0.187,0.0,0.907,@CBS,0.093,9.972615952679076e+17
0.0,0.0,1.0,@CBS,0.0,9.972252393889464e+17
0.556,0.0,0.854,@CBS,0.146,9.971932443405025e+17
-0.39,0.131,0.807,@CBS,0.062,9.970994173279478e+17
0.844,0.0,0.664,@CBS,0.336,1.0026055163280344e+18
0.893,0.0,0.545,@CBS,0.455,1.0025956420935639e+18
0.493,0.0,0.849,@CBS,0.151,1.0023364234360545e+18
0.0,0.0,1.0,@CBS,0.0,1.0018425595959542e+18
0.0,0.0,1.0,@CBS,0.0,1.0012064801446872e+18
0.624,0.0,0.797,@CBS,0.203,1.0009216796844851e+18
0.586,0.0,0.826,@CBS,0.174,9.994266573990953e+17
0.114,0.0,0.917,@CBS,0.083,9.993650229406761e+17
0.0,0.0,1.0,@CBS,0.0,9.990673001278505e+17
0.0,0.0,1.0,@CBS,0.0,9.990176461662331e+17
0.338,0.061,0.808,@CBS,0.131,9.986999648333907e+17
0.187,0.0,0.92,@CBS,0.08,9.982922758505554e+17
0.42,0.0,0.715,@CBS,0.285,9.982469798922117e+17
0.0,0.0,1.0,@CBS,0.0,9.977486969461637e+17
0.36,0.0,0.849,@CBS,0.151,9.975826014760837e+17
0.718,0.0,0.739,@CBS,0.261,9.974769167174125e+17
0.187,0.0,0.907,@CBS,0.093,9.972615952679076e+17
0.0,0.0,1.0,@CBS,0.0,9.972252393889464e+17
0.556,0.0,0.854,@CBS,0.146,9.971932443405025e+17
0.0,0.0,1.0,@CNN,0.0,
-0.103,0.085,0.915,@CNN,0.0,1.0026531599642665e+18
-0.296,0.171,0.714,@CNN,0.114,1.0026497782478725e+18
-0.34,0.216,0.637,@CNN,0.147,1.0026461564328059e+18
-0.511,0.321,0.535,@CNN,0.144,1.0026425061971927e+18
-0.103,0.08,0.92,@CNN,0.0,1.0026388984037089e+18
0.0,0.0,1.0,@CNN,0.0,1.002635330095403e+18
0.0,0.0,1.0,@CNN,0.0,1.0026318062885806e+18
-0.34,0.088,0.912,@CNN,0.0,1.0026283482190971e+18
0.0,0.0,1.0,@CNN,0.0,1.0026261195212268e+18
0.0,0.0,1.0,@CNN,0.0,1.0026225498537943e+18
0.296,0.0,0.885,@CNN,0.115,1.0026214116246734e+18
0.673,0.0,0.765,@CNN,0.235,1.002619829088596e+18
0.0,0.0,1.0,@CNN,0.0,1.002618303284736e+18
-0.778,0.43,0.57,@CNN,0.0,1.0026157635329925e+18
-0.557,0.159,0.841,@CNN,0.0,1.0026132724435886e+18
0.0,0.0,1.0,@CNN,0.0,1.0026111564759615e+18
0.477,0.0,0.846,@CNN,0.154,1.00260785119232e+18
0.0,0.0,1.0,@CNN,0.0,1.0026046904865546e+18
-0.103,0.08,0.92,@CNN,0.0,1.0026008067833405e+18
0.0,0.0,1.0,@CNN,0.0,1.0025981739557642e+18
-0.103,0.085,0.915,@CNN,0.0,1.0026531599642665e+18
-0.296,0.171,0.714,@CNN,0.114,1.0026497782478725e+18
-0.34,0.216,0.637,@CNN,0.147,1.0026461564328059e+18
-0.511,0.321,0.535,@CNN,0.144,1.0026425061971927e+18
-0.103,0.08,0.92,@CNN,0.0,1.0026388984037089e+18
0.0,0.0,1.0,@CNN,0.0,1.002635330095403e+18
0.0,0.0,1.0,@CNN,0.0,1.0026318062885806e+18
-0.34,0.088,0.912,@CNN,0.0,1.0026283482190971e+18
0.0,0.0,1.0,@CNN,0.0,1.0026261195212268e+18
0.0,0.0,1.0,@CNN,0.0,1.0026225498537943e+18
0.296,0.0,0.885,@CNN,0.115,1.0026214116246734e+18
0.673,0.0,0.765,@CNN,0.235,1.002619829088596e+18
0.0,0.0,1.0,@CNN,0.0,1.002618303284736e+18
-0.778,0.43,0.57,@CNN,0.0,1.0026157635329925e+18
-0.557,0.159,0.841,@CNN,0.0,1.0026132724435886e+18
0.0,0.0,1.0,@CNN,0.0,1.0026111564759615e+18
0.477,0.0,0.846,@CNN,0.154,1.00260785119232e+18
0.0,0.0,1.0,@CNN,0.0,1.0026046904865546e+18
-0.103,0.08,0.92,@CNN,0.0,1.0026008067833405e+18
0.0,0.0,1.0,@CNN,0.0,1.0025981739557642e+18
-0.103,0.085,0.915,@CNN,0.0,1.0026531599642665e+18
-0.296,0.171,0.714,@CNN,0.114,1.0026497782478725e+18
-0.34,0.216,0.637,@CNN,0.147,1.0026461564328059e+18
-0.511,0.321,0.535,@CNN,0.144,1.0026425061971927e+18
-0.103,0.08,0.92,@CNN,0.0,1.0026388984037089e+18
0.0,0.0,1.0,@CNN,0.0,1.002635330095403e+18
0.0,0.0,1.0,@CNN,0.0,1.0026318062885806e+18
-0.34,0.088,0.912,@CNN,0.0,1.0026283482190971e+18
0.0,0.0,1.0,@CNN,0.0,1.0026261195212268e+18
0.0,0.0,1.0,@CNN,0.0,1.0026225498537943e+18
0.296,0.0,0.885,@CNN,0.115,1.0026214116246734e+18
0.673,0.0,0.765,@CNN,0.235,1.002619829088596e+18
0.0,0.0,1.0,@CNN,0.0,1.002618303284736e+18
-0.778,0.43,0.57,@CNN,0.0,1.0026157635329925e+18
-0.557,0.159,0.841,@CNN,0.0,1.0026132724435886e+18
0.0,0.0,1.0,@CNN,0.0,1.0026111564759615e+18
0.477,0.0,0.846,@CNN,0.154,1.00260785119232e+18
0.0,0.0,1.0,@CNN,0.0,1.0026046904865546e+18
-0.103,0.08,0.92,@CNN,0.0,1.0026008067833405e+18
0.0,0.0,1.0,@CNN,0.0,1.0025981739557642e+18
-0.103,0.085,0.915,@CNN,0.0,1.0026531599642665e+18
-0.296,0.171,0.714,@CNN,0.114,1.0026497782478725e+18
-0.34,0.216,0.637,@CNN,0.147,1.0026461564328059e+18
-0.511,0.321,0.535,@CNN,0.144,1.0026425061971927e+18
-0.103,0.08,0.92,@CNN,0.0,1.0026388984037089e+18
0.0,0.0,1.0,@CNN,0.0,1.002635330095403e+18
0.0,0.0,1.0,@CNN,0.0,1.0026318062885806e+18
-0.34,0.088,0.912,@CNN,0.0,1.0026283482190971e+18
0.0,0.0,1.0,@CNN,0.0,1.0026261195212268e+18
0.0,0.0,1.0,@CNN,0.0,1.0026225498537943e+18
0.296,0.0,0.885,@CNN,0.115,1.0026214116246734e+18
0.673,0.0,0.765,@CNN,0.235,1.002619829088596e+18
0.0,0.0,1.0,@CNN,0.0,1.002618303284736e+18
-0.778,0.43,0.57,@CNN,0.0,1.0026157635329925e+18
-0.557,0.159,0.841,@CNN,0.0,1.0026132724435886e+18
0.0,0.0,1.0,@CNN,0.0,1.0026111564759615e+18
0.477,0.0,0.846,@CNN,0.154,1.00260785119232e+18
0.0,0.0,1.0,@CNN,0.0,1.0026046904865546e+18
-0.103,0.08,0.92,@CNN,0.0,1.0026008067833405e+18
0.0,0.0,1.0,@CNN,0.0,1.0025981739557642e+18
-0.103,0.085,0.915,@CNN,0.0,1.0026531599642665e+18
-0.296,0.171,0.714,@CNN,0.114,1.0026497782478725e+18
-0.34,0.216,0.637,@CNN,0.147,1.0026461564328059e+18
-0.511,0.321,0.535,@CNN,0.144,1.0026425061971927e+18
-0.103,0.08,0.92,@CNN,0.0,1.0026388984037089e+18
0.0,0.0,1.0,@CNN,0.0,1.002635330095403e+18
0.0,0.0,1.0,@CNN,0.0,1.0026318062885806e+18
-0.34,0.088,0.912,@CNN,0.0,1.0026283482190971e+18
0.0,0.0,1.0,@CNN,0.0,1.0026261195212268e+18
0.0,0.0,1.0,@CNN,0.0,1.0026225498537943e+18
0.296,0.0,0.885,@CNN,0.115,1.0026214116246734e+18
0.673,0.0,0.765,@CNN,0.235,1.002619829088596e+18
0.0,0.0,1.0,@CNN,0.0,1.002618303284736e+18
-0.778,0.43,0.57,@CNN,0.0,1.0026157635329925e+18
-0.557,0.159,0.841,@CNN,0.0,1.0026132724435886e+18
0.0,0.0,1.0,@CNN,0.0,1.0026111564759615e+18
0.477,0.0,0.846,@CNN,0.154,1.00260785119232e+18
0.0,0.0,1.0,@CNN,0.0,1.0026046904865546e+18
-0.103,0.08,0.92,@CNN,0.0,1.0026008067833405e+18
0.851,0.061,0.611,@Fox,0.328,
0.844,0.0,0.637,@Fox,0.363,1.0024743685874442e+18
0.361,0.0,0.894,@Fox,0.106,1.0022159139517604e+18
0.42,0.0,0.859,@Fox,0.141,1.0021939244029583e+18
-0.103,0.065,0.935,@Fox,0.0,1.0021693689172379e+18
0.891,0.0,0.642,@Fox,0.358,1.0021400273532641e+18
0.477,0.0,0.819,@Fox,0.181,1.0021344586722632e+18
0.0,0.0,1.0,@Fox,0.0,1.0021337617677558e+18
0.0,0.0,1.0,@Fox,0.0,1.0021281852895683e+18
0.153,0.105,0.766,@Fox,0.129,1.0021256833746575e+18
0.637,0.0,0.574,@Fox,0.426,1.0021254745947424e+18
0.459,0.0,0.833,@Fox,0.167,1.0021166429927425e+18
0.727,0.0,0.711,@Fox,0.289,1.0021164592528097e+18
0.0,0.0,1.0,@Fox,0.0,1.0021151691562967e+18
0.0,0.0,1.0,@Fox,0.0,1.0021105823576803e+18
0.778,0.0,0.57,@Fox,0.43,1.002089026407551e+18
0.509,0.0,0.87,@Fox,0.13,1.0018052841369683e+18
-0.585,0.202,0.798,@Fox,0.0,1.0018042781372827e+18
0.272,0.0,0.87,@Fox,0.13,1.0018040318057882e+18
0.0,0.0,1.0,@Fox,0.0,1.0018034435840205e+18
0.851,0.061,0.611,@Fox,0.328,1.0018018912763168e+18
0.844,0.0,0.637,@Fox,0.363,1.0024743685874442e+18
0.361,0.0,0.894,@Fox,0.106,1.0022159139517604e+18
0.42,0.0,0.859,@Fox,0.141,1.0021939244029583e+18
-0.103,0.065,0.935,@Fox,0.0,1.0021693689172379e+18
0.891,0.0,0.642,@Fox,0.358,1.0021400273532641e+18
0.477,0.0,0.819,@Fox,0.181,1.0021344586722632e+18
0.0,0.0,1.0,@Fox,0.0,1.0021337617677558e+18
0.0,0.0,1.0,@Fox,0.0,1.0021281852895683e+18
0.153,0.105,0.766,@Fox,0.129,1.0021256833746575e+18
0.637,0.0,0.574,@Fox,0.426,1.0021254745947424e+18
0.459,0.0,0.833,@Fox,0.167,1.0021166429927425e+18
0.727,0.0,0.711,@Fox,0.289,1.0021164592528097e+18
0.0,0.0,1.0,@Fox,0.0,1.0021151691562967e+18
0.0,0.0,1.0,@Fox,0.0,1.0021105823576803e+18
0.778,0.0,0.57,@Fox,0.43,1.002089026407551e+18
0.509,0.0,0.87,@Fox,0.13,1.0018052841369683e+18
-0.585,0.202,0.798,@Fox,0.0,1.0018042781372827e+18
0.272,0.0,0.87,@Fox,0.13,1.0018040318057882e+18
0.0,0.0,1.0,@Fox,0.0,1.0018034435840205e+18
0.851,0.061,0.611,@Fox,0.328,1.0018018912763168e+18
0.844,0.0,0.637,@Fox,0.363,1.0024743685874442e+18
0.361,0.0,0.894,@Fox,0.106,1.0022159139517604e+18
0.42,0.0,0.859,@Fox,0.141,1.0021939244029583e+18
-0.103,0.065,0.935,@Fox,0.0,1.0021693689172379e+18
0.891,0.0,0.642,@Fox,0.358,1.0021400273532641e+18
0.477,0.0,0.819,@Fox,0.181,1.0021344586722632e+18
0.0,0.0,1.0,@Fox,0.0,1.0021337617677558e+18
0.0,0.0,1.0,@Fox,0.0,1.0021281852895683e+18
0.153,0.105,0.766,@Fox,0.129,1.0021256833746575e+18
0.637,0.0,0.574,@Fox,0.426,1.0021254745947424e+18
0.459,0.0,0.833,@Fox,0.167,1.0021166429927425e+18
0.727,0.0,0.711,@Fox,0.289,1.0021164592528097e+18
0.0,0.0,1.0,@Fox,0.0,1.0021151691562967e+18
0.0,0.0,1.0,@Fox,0.0,1.0021105823576803e+18
0.778,0.0,0.57,@Fox,0.43,1.002089026407551e+18
0.509,0.0,0.87,@Fox,0.13,1.0018052841369683e+18
-0.585,0.202,0.798,@Fox,0.0,1.0018042781372827e+18
0.272,0.0,0.87,@Fox,0.13,1.0018040318057882e+18
0.0,0.0,1.0,@Fox,0.0,1.0018034435840205e+18
0.851,0.061,0.611,@Fox,0.328,1.0018018912763168e+18
0.844,0.0,0.637,@Fox,0.363,1.0024743685874442e+18
0.361,0.0,0.894,@Fox,0.106,1.0022159139517604e+18
0.42,0.0,0.859,@Fox,0.141,1.0021939244029583e+18
-0.103,0.065,0.935,@Fox,0.0,1.0021693689172379e+18
0.891,0.0,0.642,@Fox,0.358,1.0021400273532641e+18
0.477,0.0,0.819,@Fox,0.181,1.0021344586722632e+18
0.0,0.0,1.0,@Fox,0.0,1.0021337617677558e+18
0.0,0.0,1.0,@Fox,0.0,1.0021281852895683e+18
0.153,0.105,0.766,@Fox,0.129,1.0021256833746575e+18
0.637,0.0,0.574,@Fox,0.426,1.0021254745947424e+18
0.459,0.0,0.833,@Fox,0.167,1.0021166429927425e+18
0.727,0.0,0.711,@Fox,0.289,1.0021164592528097e+18
0.0,0.0,1.0,@Fox,0.0,1.0021151691562967e+18
0.0,0.0,1.0,@Fox,0.0,1.0021105823576803e+18
0.778,0.0,0.57,@Fox,0.43,1.002089026407551e+18
0.509,0.0,0.87,@Fox,0.13,1.0018052841369683e+18
-0.585,0.202,0.798,@Fox,0.0,1.0018042781372827e+18
0.272,0.0,0.87,@Fox,0.13,1.0018040318057882e+18
0.0,0.0,1.0,@Fox,0.0,1.0018034435840205e+18
0.851,0.061,0.611,@Fox,0.328,1.0018018912763168e+18
0.844,0.0,0.637,@Fox,0.363,1.0024743685874442e+18
0.361,0.0,0.894,@Fox,0.106,1.0022159139517604e+18
0.42,0.0,0.859,@Fox,0.141,1.0021939244029583e+18
-0.103,0.065,0.935,@Fox,0.0,1.0021693689172379e+18
0.891,0.0,0.642,@Fox,0.358,1.0021400273532641e+18
0.477,0.0,0.819,@Fox,0.181,1.0021344586722632e+18
0.0,0.0,1.0,@Fox,0.0,1.0021337617677558e+18
0.0,0.0,1.0,@Fox,0.0,1.0021281852895683e+18
0.153,0.105,0.766,@Fox,0.129,1.0021256833746575e+18
0.637,0.0,0.574,@Fox,0.426,1.0021254745947424e+18
0.459,0.0,0.833,@Fox,0.167,1.0021166429927425e+18
0.727,0.0,0.711,@Fox,0.289,1.0021164592528097e+18
0.0,0.0,1.0,@Fox,0.0,1.0021151691562967e+18
0.0,0.0,1.0,@Fox,0.0,1.0021105823576803e+18
0.778,0.0,0.57,@Fox,0.43,1.002089026407551e+18
0.509,0.0,0.87,@Fox,0.13,1.0018052841369683e+18
-0.585,0.202,0.798,@Fox,0.0,1.0018042781372827e+18
0.272,0.0,0.87,@Fox,0.13,1.0018040318057882e+18
0.0,0.0,1.0,@Fox,0.0,1.0018034435840205e+18
0.0,0.0,1.0,@nytimes,0.0,
0.586,0.0,0.833,@nytimes,0.167,1.0026547910997074e+18
-0.412,0.158,0.842,@nytimes,0.0,1.0026510222365368e+18
-0.7,0.308,0.625,@nytimes,0.067,1.0026472272554107e+18
0.273,0.126,0.686,@nytimes,0.189,1.0026434550913802e+18
0.477,0.0,0.846,@nytimes,0.154,1.0026417107725764e+18
-0.296,0.109,0.891,@nytimes,0.0,1.0026392569327575e+18
-0.722,0.43,0.57,@nytimes,0.0,1.0026366766599086e+18
-0.594,0.244,0.756,@nytimes,0.0,1.0026341423314002e+18
0.128,0.07,0.837,@nytimes,0.093,1.0026316464814367e+18
0.758,0.079,0.609,@nytimes,0.312,1.0026291129540157e+18
0.541,0.0,0.72,@nytimes,0.28,1.0026265910112788e+18
0.0,0.0,1.0,@nytimes,0.0,1.0026243490887393e+18
0.0,0.0,1.0,@nytimes,0.0,1.0026223774764114e+18
0.0,0.0,1.0,@nytimes,0.0,1.0026218972118959e+18
-0.34,0.118,0.882,@nytimes,0.0,1.0026215584756326e+18
-0.318,0.095,0.905,@nytimes,0.0,1.0026190551514849e+18
0.0,0.0,1.0,@nytimes,0.0,1.0026165425411114e+18
0.778,0.0,0.673,@nytimes,0.327,1.0026140151960618e+18
0.859,0.0,0.689,@nytimes,0.311,1.0026115052112445e+18
0.0,0.0,1.0,@nytimes,0.0,1.0026089892119103e+18
0.586,0.0,0.833,@nytimes,0.167,1.0026547910997074e+18
-0.412,0.158,0.842,@nytimes,0.0,1.0026510222365368e+18
-0.7,0.308,0.625,@nytimes,0.067,1.0026472272554107e+18
0.273,0.126,0.686,@nytimes,0.189,1.0026434550913802e+18
0.477,0.0,0.846,@nytimes,0.154,1.0026417107725764e+18
-0.296,0.109,0.891,@nytimes,0.0,1.0026392569327575e+18
-0.722,0.43,0.57,@nytimes,0.0,1.0026366766599086e+18
-0.594,0.244,0.756,@nytimes,0.0,1.0026341423314002e+18
0.128,0.07,0.837,@nytimes,0.093,1.0026316464814367e+18
0.758,0.079,0.609,@nytimes,0.312,1.0026291129540157e+18
0.541,0.0,0.72,@nytimes,0.28,1.0026265910112788e+18
0.0,0.0,1.0,@nytimes,0.0,1.0026243490887393e+18
0.0,0.0,1.0,@nytimes,0.0,1.0026223774764114e+18
0.0,0.0,1.0,@nytimes,0.0,1.0026218972118959e+18
-0.34,0.118,0.882,@nytimes,0.0,1.0026215584756326e+18
-0.318,0.095,0.905,@nytimes,0.0,1.0026190551514849e+18
0.0,0.0,1.0,@nytimes,0.0,1.0026165425411114e+18
0.778,0.0,0.673,@nytimes,0.327,1.0026140151960618e+18
0.859,0.0,0.689,@nytimes,0.311,1.0026115052112445e+18
0.0,0.0,1.0,@nytimes,0.0,1.0026089892119103e+18
0.586,0.0,0.833,@nytimes,0.167,1.0026547910997074e+18
-0.412,0.158,0.842,@nytimes,0.0,1.0026510222365368e+18
-0.7,0.308,0.625,@nytimes,0.067,1.0026472272554107e+18
0.273,0.126,0.686,@nytimes,0.189,1.0026434550913802e+18
0.477,0.0,0.846,@nytimes,0.154,1.0026417107725764e+18
-0.296,0.109,0.891,@nytimes,0.0,1.0026392569327575e+18
-0.722,0.43,0.57,@nytimes,0.0,1.0026366766599086e+18
-0.594,0.244,0.756,@nytimes,0.0,1.0026341423314002e+18
0.128,0.07,0.837,@nytimes,0.093,1.0026316464814367e+18
0.758,0.079,0.609,@nytimes,0.312,1.0026291129540157e+18
0.541,0.0,0.72,@nytimes,0.28,1.0026265910112788e+18
0.0,0.0,1.0,@nytimes,0.0,1.0026243490887393e+18
0.0,0.0,1.0,@nytimes,0.0,1.0026223774764114e+18
0.0,0.0,1.0,@nytimes,0.0,1.0026218972118959e+18
-0.34,0.118,0.882,@nytimes,0.0,1.0026215584756326e+18
-0.318,0.095,0.905,@nytimes,0.0,1.0026190551514849e+18
0.0,0.0,1.0,@nytimes,0.0,1.0026165425411114e+18
0.778,0.0,0.673,@nytimes,0.327,1.0026140151960618e+18
0.859,0.0,0.689,@nytimes,0.311,1.0026115052112445e+18
0.0,0.0,1.0,@nytimes,0.0,1.0026089892119103e+18
0.586,0.0,0.833,@nytimes,0.167,1.0026547910997074e+18
-0.412,0.158,0.842,@nytimes,0.0,1.0026510222365368e+18
-0.7,0.308,0.625,@nytimes,0.067,1.0026472272554107e+18
0.273,0.126,0.686,@nytimes,0.189,1.0026434550913802e+18
0.477,0.0,0.846,@nytimes,0.154,1.0026417107725764e+18
-0.296,0.109,0.891,@nytimes,0.0,1.0026392569327575e+18
-0.722,0.43,0.57,@nytimes,0.0,1.0026366766599086e+18
-0.594,0.244,0.756,@nytimes,0.0,1.0026341423314002e+18
0.128,0.07,0.837,@nytimes,0.093,1.0026316464814367e+18
0.758,0.079,0.609,@nytimes,0.312,1.0026291129540157e+18
0.541,0.0,0.72,@nytimes,0.28,1.0026265910112788e+18
0.0,0.0,1.0,@nytimes,0.0,1.0026243490887393e+18
0.0,0.0,1.0,@nytimes,0.0,1.0026223774764114e+18
0.0,0.0,1.0,@nytimes,0.0,1.0026218972118959e+18
-0.34,0.118,0.882,@nytimes,0.0,1.0026215584756326e+18
-0.318,0.095,0.905,@nytimes,0.0,1.0026190551514849e+18
0.0,0.0,1.0,@nytimes,0.0,1.0026165425411114e+18
0.778,0.0,0.673,@nytimes,0.327,1.0026140151960618e+18
0.859,0.0,0.689,@nytimes,0.311,1.0026115052112445e+18
0.0,0.0,1.0,@nytimes,0.0,1.0026089892119103e+18
0.586,0.0,0.833,@nytimes,0.167,1.0026547910997074e+18
-0.412,0.158,0.842,@nytimes,0.0,1.0026510222365368e+18
-0.7,0.308,0.625,@nytimes,0.067,1.0026472272554107e+18
0.273,0.126,0.686,@nytimes,0.189,1.0026434550913802e+18
0.477,0.0,0.846,@nytimes,0.154,1.0026417107725764e+18
-0.296,0.109,0.891,@nytimes,0.0,1.0026392569327575e+18
-0.722,0.43,0.57,@nytimes,0.0,1.0026366766599086e+18
-0.594,0.244,0.756,@nytimes,0.0,1.0026341423314002e+18
0.128,0.07,0.837,@nytimes,0.093,1.0026316464814367e+18
0.758,0.079,0.609,@nytimes,0.312,1.0026291129540157e+18
0.541,0.0,0.72,@nytimes,0.28,1.0026265910112788e+18
0.0,0.0,1.0,@nytimes,0.0,1.0026243490887393e+18
0.0,0.0,1.0,@nytimes,0.0,1.0026223774764114e+18
0.0,0.0,1.0,@nytimes,0.0,1.0026218972118959e+18
-0.34,0.118,0.882,@nytimes,0.0,1.0026215584756326e+18
-0.318,0.095,0.905,@nytimes,0.0,1.0026190551514849e+18
0.0,0.0,1.0,@nytimes,0.0,1.0026165425411114e+18
0.778,0.0,0.673,@nytimes,0.327,1.0026140151960618e+18
0.859,0.0,0.689,@nytimes,0.311,1.0026115052112445e+18
